Gene,Target,Custom_Color_Target,Custom_Color_Seed
ENSG00000179091,MitoCarta,Blue,
ENSG00000117118,MitoCarta,Blue,
ENSG00000167186,MitoCarta,Blue,
ENSG00000073578,MitoCarta,Blue,
ENSG00000010256,MitoCarta,Blue,
ENSG00000110871,MitoCarta,Blue,
ENSG00000131828,MitoCarta,Blue,
ENSG00000088682,MitoCarta,Blue,
ENSG00000262814,MitoCarta,Blue,
ENSG00000099624,MitoCarta,Blue,
ENSG00000178741,MitoCarta,Blue,
ENSG00000165898,MitoCarta,Blue,
ENSG00000105819,MitoCarta,Blue,
ENSG00000169021,MitoCarta,Blue,
ENSG00000152234,MitoCarta,Blue,
ENSG00000105953,MitoCarta,Blue,
ENSG00000168291,MitoCarta,Blue,
ENSG00000140740,MitoCarta,Blue,
ENSG00000204370,MitoCarta,Blue,
ENSG00000061794,MitoCarta,Blue,
ENSG00000164405,MitoCarta,Blue,
ENSG00000204822,MitoCarta,Blue,
ENSG00000137992,MitoCarta,Blue,
ENSG00000004799,MitoCarta,Blue,
ENSG00000146701,MitoCarta,Blue,
ENSG00000113048,MitoCarta,Blue,
ENSG00000062485,MitoCarta,Blue,
ENSG00000109519,MitoCarta,Blue,
ENSG00000150768,MitoCarta,Blue,
ENSG00000138095,MitoCarta,Blue,
ENSG00000119689,MitoCarta,Blue,
ENSG00000110435,MitoCarta,Blue,
ENSG00000168827,MitoCarta,Blue,
ENSG00000143158,MitoCarta,Blue,
ENSG00000023228,MitoCarta,Blue,
ENSG00000259494,MitoCarta,Blue,
ENSG00000124172,MitoCarta,Blue,
ENSG00000075415,MitoCarta,Blue,
ENSG00000181610,MitoCarta,Blue,
ENSG00000091483,MitoCarta,Blue,
ENSG00000165688,MitoCarta,Blue,
ENSG00000110955,MitoCarta,Blue,
ENSG00000154079,MitoCarta,Blue,
ENSG00000184076,MitoCarta,Blue,
ENSG00000135070,MitoCarta,Blue,
ENSG00000136143,MitoCarta,Blue,
ENSG00000132423,MitoCarta,Blue,
ENSG00000067704,MitoCarta,Blue,
ENSG00000116898,MitoCarta,Blue,
ENSG00000166411,MitoCarta,Blue,
ENSG00000166260,MitoCarta,Blue,
ENSG00000171503,MitoCarta,Blue,
ENSG00000134809,MitoCarta,Blue,
ENSG00000130312,MitoCarta,Blue,
ENSG00000112651,MitoCarta,Blue,
ENSG00000248098,MitoCarta,Blue,
ENSG00000173660,MitoCarta,Blue,
ENSG00000146066,MitoCarta,Blue,
ENSG00000241837,MitoCarta,Blue,
ENSG00000127884,MitoCarta,Blue,
ENSG00000050426,MitoCarta,Blue,
ENSG00000111775,MitoCarta,Blue,
ENSG00000014919,MitoCarta,Blue,
ENSG00000141385,MitoCarta,Blue,
ENSG00000084754,MitoCarta,Blue,
ENSG00000140374,MitoCarta,Blue,
ENSG00000115286,MitoCarta,Blue,
ENSG00000157184,MitoCarta,Blue,
ENSG00000083123,MitoCarta,Blue,
ENSG00000101365,MitoCarta,Blue,
ENSG00000011376,MitoCarta,Blue,
ENSG00000122971,MitoCarta,Blue,
ENSG00000168924,MitoCarta,Blue,
ENSG00000169020,MitoCarta,Blue,
ENSG00000198836,MitoCarta,Blue,
ENSG00000148090,MitoCarta,Blue,
ENSG00000163541,MitoCarta,Blue,
ENSG00000178127,MitoCarta,Blue,
ENSG00000119723,MitoCarta,Blue,
ENSG00000055950,MitoCarta,Blue,
ENSG00000106077,MitoCarta,Blue,
ENSG00000154723,MitoCarta,Blue,
ENSG00000166136,MitoCarta,Blue,
ENSG00000196365,MitoCarta,Blue,
ENSG00000091140,MitoCarta,Blue,
ENSG00000156709,MitoCarta,Blue,
ENSG00000134463,MitoCarta,Blue,
ENSG00000155008,MitoCarta,Blue,
ENSG00000159111,MitoCarta,Blue,
ENSG00000148187,MitoCarta,Blue,
ENSG00000110717,MitoCarta,Blue,
ENSG00000117054,MitoCarta,Blue,
ENSG00000132305,MitoCarta,Blue,
ENSG00000100575,MitoCarta,Blue,
ENSG00000151729,MitoCarta,Blue,
ENSG00000100347,MitoCarta,Blue,
ENSG00000158864,MitoCarta,Blue,
ENSG00000167792,MitoCarta,Blue,
ENSG00000100412,MitoCarta,Blue,
ENSG00000156502,MitoCarta,Blue,
ENSG00000066926,MitoCarta,Blue,
ENSG00000085760,MitoCarta,Blue,
ENSG00000167085,MitoCarta,Blue,
ENSG00000198130,MitoCarta,Blue,
ENSG00000122140,MitoCarta,Blue,
ENSG00000113013,MitoCarta,Blue,
ENSG00000148290,MitoCarta,Blue,
ENSG00000165672,MitoCarta,Blue,
ENSG00000165678,MitoCarta,Blue,
ENSG00000151806,MitoCarta,Blue,
ENSG00000099800,MitoCarta,Blue,
ENSG00000214113,MitoCarta,Blue,
ENSG00000166902,MitoCarta,Blue,
ENSG00000185608,MitoCarta,Blue,
ENSG00000067829,MitoCarta,Blue,
ENSG00000143252,MitoCarta,Blue,
ENSG00000136521,MitoCarta,Blue,
ENSG00000167985,MitoCarta,Blue,
ENSG00000135469,MitoCarta,Blue,
ENSG00000160221,MitoCarta,Blue,
ENSG00000100348,MitoCarta,Blue,
ENSG00000096080,MitoCarta,Blue,
ENSG00000164919,MitoCarta,Blue,
ENSG00000147684,MitoCarta,Blue,
ENSG00000109919,MitoCarta,Blue,
ENSG00000184983,MitoCarta,Blue,
ENSG00000178537,MitoCarta,Blue,
ENSG00000169288,MitoCarta,Blue,
ENSG00000104980,MitoCarta,Blue,
ENSG00000138495,MitoCarta,Blue,
ENSG00000173436,MitoCarta,Blue,
ENSG00000112096,MitoCarta,Blue,
ENSG00000126267,MitoCarta,Blue,
ENSG00000213585,MitoCarta,Blue,
ENSG00000125656,MitoCarta,Blue,
ENSG00000138796,MitoCarta,Blue,
ENSG00000115361,MitoCarta,Blue,
ENSG00000075239,MitoCarta,Blue,
ENSG00000156928,MitoCarta,Blue,
ENSG00000166855,MitoCarta,Blue,
ENSG00000164258,MitoCarta,Blue,
ENSG00000105364,MitoCarta,Blue,
ENSG00000108561,MitoCarta,Blue,
ENSG00000107959,MitoCarta,Blue,
ENSG00000101019,MitoCarta,Blue,
ENSG00000162910,MitoCarta,Blue,
ENSG00000274853,MitoCarta,Blue,
ENSG00000116353,MitoCarta,Blue,
ENSG00000135900,MitoCarta,Blue,
ENSG00000119471,MitoCarta,Blue,
ENSG00000120333,MitoCarta,Blue,
ENSG00000197150,MitoCarta,Blue,
ENSG00000171953,MitoCarta,Blue,
ENSG00000139180,MitoCarta,Blue,
ENSG00000168275,MitoCarta,Blue,
ENSG00000099821,MitoCarta,Blue,
ENSG00000136003,MitoCarta,Blue,
ENSG00000130347,MitoCarta,Blue,
ENSG00000197444,MitoCarta,Blue,
ENSG00000165629,MitoCarta,Blue,
ENSG00000103507,MitoCarta,Blue,
ENSG00000164347,MitoCarta,Blue,
ENSG00000123545,MitoCarta,Blue,
ENSG00000125434,MitoCarta,Blue,
ENSG00000108528,MitoCarta,Blue,
ENSG00000150779,MitoCarta,Blue,
ENSG00000100294,MitoCarta,Blue,
ENSG00000181873,MitoCarta,Blue,
ENSG00000215021,MitoCarta,Blue,
ENSG00000132676,MitoCarta,Blue,
ENSG00000103121,MitoCarta,Blue,
ENSG00000205138,MitoCarta,Blue,
ENSG00000239789,MitoCarta,Blue,
ENSG00000147576,MitoCarta,Blue,
ENSG00000244005,MitoCarta,Blue,
ENSG00000101247,MitoCarta,Blue,
ENSG00000158042,MitoCarta,Blue,
ENSG00000136463,MitoCarta,Blue,
ENSG00000171109,MitoCarta,Blue,
ENSG00000196850,MitoCarta,Blue,
ENSG00000174547,MitoCarta,Blue,
ENSG00000131143,MitoCarta,Blue,
ENSG00000145494,MitoCarta,Blue,
ENSG00000172172,MitoCarta,Blue,
ENSG00000083720,MitoCarta,Blue,
ENSG00000135940,MitoCarta,Blue,
ENSG00000005882,MitoCarta,Blue,
ENSG00000023330,MitoCarta,Blue,
ENSG00000243147,MitoCarta,Blue,
ENSG00000135297,MitoCarta,Blue,
ENSG00000121897,MitoCarta,Blue,
ENSG00000128609,MitoCarta,Blue,
ENSG00000165264,MitoCarta,Blue,
ENSG00000128654,MitoCarta,Blue,
ENSG00000172340,MitoCarta,Blue,
ENSG00000137714,MitoCarta,Blue,
ENSG00000100075,MitoCarta,Blue,
ENSG00000147586,MitoCarta,Blue,
ENSG00000105197,MitoCarta,Blue,
ENSG00000165637,MitoCarta,Blue,
ENSG00000181035,MitoCarta,Blue,
ENSG00000196683,MitoCarta,Blue,
ENSG00000104823,MitoCarta,Blue,
ENSG00000059691,MitoCarta,Blue,
ENSG00000074582,MitoCarta,Blue,
ENSG00000132591,MitoCarta,Blue,
ENSG00000187118,MitoCarta,Blue,
ENSG00000086504,MitoCarta,Blue,
ENSG00000123297,MitoCarta,Blue,
ENSG00000165060,MitoCarta,Blue,
ENSG00000169599,MitoCarta,Blue,
ENSG00000139131,MitoCarta,Blue,
ENSG00000197345,MitoCarta,Blue,
ENSG00000159423,MitoCarta,Blue,
ENSG00000158882,MitoCarta,Blue,
ENSG00000137806,MitoCarta,Blue,
ENSG00000140990,MitoCarta,Blue,
ENSG00000196177,MitoCarta,Blue,
ENSG00000135972,MitoCarta,Blue,
ENSG00000163050,MitoCarta,Blue,
ENSG00000072778,MitoCarta,Blue,
ENSG00000167113,MitoCarta,Blue,
ENSG00000137547,MitoCarta,Blue,
ENSG00000131495,MitoCarta,Blue,
ENSG00000143314,MitoCarta,Blue,
ENSG00000144381,MitoCarta,Blue,
ENSG00000168653,MitoCarta,Blue,
ENSG00000147853,MitoCarta,Blue,
ENSG00000172115,MitoCarta,Blue,
ENSG00000027001,MitoCarta,Blue,
ENSG00000186687,MitoCarta,Blue,
ENSG00000095321,MitoCarta,Blue,
ENSG00000114054,MitoCarta,Blue,
ENSG00000125445,MitoCarta,Blue,
ENSG00000114686,MitoCarta,Blue,
ENSG00000100033,MitoCarta,Blue,
ENSG00000175198,MitoCarta,Blue,
ENSG00000128626,MitoCarta,Blue,
ENSG00000162129,MitoCarta,Blue,
ENSG00000152256,MitoCarta,Blue,
ENSG00000149792,MitoCarta,Blue,
ENSG00000112695,MitoCarta,Blue,
ENSG00000171202,MitoCarta,Blue,
ENSG00000121310,MitoCarta,Blue,
ENSG00000004961,MitoCarta,Blue,
ENSG00000106049,MitoCarta,Blue,
ENSG00000115364,MitoCarta,Blue,
ENSG00000171421,MitoCarta,Blue,
ENSG00000174032,MitoCarta,Blue,
ENSG00000161267,MitoCarta,Blue,
ENSG00000145982,MitoCarta,Blue,
ENSG00000131269,MitoCarta,Blue,
ENSG00000173171,MitoCarta,Blue,
ENSG00000267855,MitoCarta,Blue,
ENSG00000134375,MitoCarta,Blue,
ENSG00000143149,MitoCarta,Blue,
ENSG00000163319,MitoCarta,Blue,
ENSG00000247626,MitoCarta,Blue,
ENSG00000119711,MitoCarta,Blue,
ENSG00000161513,MitoCarta,Blue,
ENSG00000257218,MitoCarta,Blue,
ENSG00000126602,MitoCarta,Blue,
ENSG00000151498,MitoCarta,Blue,
ENSG00000111275,MitoCarta,Blue,
ENSG00000108179,MitoCarta,Blue,
ENSG00000177370,MitoCarta,Blue,
ENSG00000128928,MitoCarta,Blue,
ENSG00000087299,MitoCarta,Blue,
ENSG00000105755,MitoCarta,Blue,
ENSG00000242485,MitoCarta,Blue,
ENSG00000005022,MitoCarta,Blue,
ENSG00000115840,MitoCarta,Blue,
ENSG00000266472,MitoCarta,Blue,
ENSG00000100216,MitoCarta,Blue,
ENSG00000167315,MitoCarta,Blue,
ENSG00000185414,MitoCarta,Blue,
ENSG00000103423,MitoCarta,Blue,
ENSG00000090266,MitoCarta,Blue,
ENSG00000074071,MitoCarta,Blue,
ENSG00000105379,MitoCarta,Blue,
ENSG00000135537,MitoCarta,Blue,
ENSG00000130770,MitoCarta,Blue,
ENSG00000116459,MitoCarta,Blue,
ENSG00000127184,MitoCarta,Blue,
ENSG00000106554,MitoCarta,Blue,
ENSG00000115520,MitoCarta,Blue,
ENSG00000176715,MitoCarta,Blue,
ENSG00000004142,MitoCarta,Blue,
ENSG00000183048,MitoCarta,Blue,
ENSG00000004864,MitoCarta,Blue,
ENSG00000067992,MitoCarta,Blue,
ENSG00000151376,MitoCarta,Blue,
ENSG00000082515,MitoCarta,Blue,
ENSG00000182054,MitoCarta,Blue,
ENSG00000105607,MitoCarta,Blue,
ENSG00000136522,MitoCarta,Blue,
ENSG00000138777,MitoCarta,Blue,
ENSG00000143436,MitoCarta,Blue,
ENSG00000250479,MitoCarta,Blue,
ENSG00000116874,MitoCarta,Blue,
ENSG00000125454,MitoCarta,Blue,
ENSG00000145439,MitoCarta,Blue,
ENSG00000183172,MitoCarta,Blue,
ENSG00000063854,MitoCarta,Blue,
ENSG00000161281,MitoCarta,Blue,
ENSG00000148824,MitoCarta,Blue,
ENSG00000178449,MitoCarta,Blue,
ENSG00000184752,MitoCarta,Blue,
ENSG00000182180,MitoCarta,Blue,
ENSG00000120832,MitoCarta,Blue,
ENSG00000205707,MitoCarta,Blue,
ENSG00000115159,MitoCarta,Blue,
ENSG00000130414,MitoCarta,Blue,
ENSG00000151366,MitoCarta,Blue,
ENSG00000119705,MitoCarta,Blue,
ENSG00000198899,MitoCarta,Blue,
ENSG00000198712,MitoCarta,Blue,
ENSG00000075336,MitoCarta,Blue,
ENSG00000119421,MitoCarta,Blue,
ENSG00000115419,MitoCarta,Blue,
ENSG00000147123,MitoCarta,Blue,
ENSG00000181192,MitoCarta,Blue,
ENSG00000115042,MitoCarta,Blue,
ENSG00000112474,MitoCarta,Blue,
ENSG00000137133,MitoCarta,Blue,
ENSG00000144029,MitoCarta,Blue,
ENSG00000204564,MitoCarta,Blue,
ENSG00000176422,MitoCarta,Blue,
ENSG00000175536,MitoCarta,Blue,
ENSG00000104325,MitoCarta,Blue,
ENSG00000125901,MitoCarta,Blue,
ENSG00000102743,MitoCarta,Blue,
ENSG00000160194,MitoCarta,Blue,
ENSG00000137274,MitoCarta,Blue,
ENSG00000165283,MitoCarta,Blue,
ENSG00000148450,MitoCarta,Blue,
ENSG00000103642,MitoCarta,Blue,
ENSG00000130204,MitoCarta,Blue,
ENSG00000148339,MitoCarta,Blue,
ENSG00000173137,MitoCarta,Blue,
ENSG00000111271,MitoCarta,Blue,
ENSG00000102763,MitoCarta,Blue,
ENSG00000137500,MitoCarta,Blue,
ENSG00000007923,MitoCarta,Blue,
ENSG00000125652,MitoCarta,Blue,
ENSG00000178445,MitoCarta,Blue,
ENSG00000238205,MitoCarta,Blue,
ENSG00000159445,MitoCarta,Blue,
ENSG00000106028,MitoCarta,Blue,
ENSG00000108826,MitoCarta,Blue,
ENSG00000100209,MitoCarta,Blue,
ENSG00000048544,MitoCarta,Blue,
ENSG00000162433,MitoCarta,Blue,
ENSG00000197785,MitoCarta,Blue,
ENSG00000116221,MitoCarta,Blue,
ENSG00000148334,MitoCarta,Blue,
ENSG00000184470,MitoCarta,Blue,
ENSG00000183549,MitoCarta,Blue,
ENSG00000122873,MitoCarta,Blue,
ENSG00000182154,MitoCarta,Blue,
ENSG00000117791,MitoCarta,Blue,
ENSG00000243927,MitoCarta,Blue,
ENSG00000214026,MitoCarta,Blue,
ENSG00000137767,MitoCarta,Blue,
ENSG00000133028,MitoCarta,Blue,
ENSG00000100116,MitoCarta,Blue,
ENSG00000120254,MitoCarta,Blue,
ENSG00000198721,MitoCarta,Blue,
ENSG00000156467,MitoCarta,Blue,
ENSG00000167863,MitoCarta,Blue,
ENSG00000167283,MitoCarta,Blue,
ENSG00000160124,MitoCarta,Blue,
ENSG00000131844,MitoCarta,Blue,
ENSG00000124370,MitoCarta,Blue,
ENSG00000124615,MitoCarta,Blue,
ENSG00000146085,MitoCarta,Blue,
ENSG00000122696,MitoCarta,Blue,
ENSG00000197912,MitoCarta,Blue,
ENSG00000154518,MitoCarta,Blue,
ENSG00000138138,MitoCarta,Blue,
ENSG00000154814,MitoCarta,Blue,
ENSG00000101181,MitoCarta,Blue,
ENSG00000117593,MitoCarta,Blue,
ENSG00000111639,MitoCarta,Blue,
ENSG00000173599,MitoCarta,Blue,
ENSG00000125246,MitoCarta,Blue,
ENSG00000135241,MitoCarta,Blue,
ENSG00000103150,MitoCarta,Blue,
ENSG00000145337,MitoCarta,Blue,
ENSG00000126768,MitoCarta,Blue,
ENSG00000106591,MitoCarta,Blue,
ENSG00000144741,MitoCarta,Blue,
ENSG00000250799,MitoCarta,Blue,
ENSG00000114021,MitoCarta,Blue,
ENSG00000267673,MitoCarta,Blue,
ENSG00000082212,MitoCarta,Blue,
ENSG00000178952,MitoCarta,Blue,
ENSG00000156885,MitoCarta,Blue,
ENSG00000014824,MitoCarta,Blue,
ENSG00000144559,MitoCarta,Blue,
ENSG00000265354,MitoCarta,Blue,
ENSG00000155906,MitoCarta,Blue,
ENSG00000116688,MitoCarta,Blue,
ENSG00000213221,MitoCarta,Blue,
ENSG00000163528,MitoCarta,Blue,
ENSG00000004779,MitoCarta,Blue,
ENSG00000166743,MitoCarta,Blue,
ENSG00000183513,MitoCarta,Blue,
ENSG00000173085,MitoCarta,Blue,
ENSG00000164494,MitoCarta,Blue,
ENSG00000113790,MitoCarta,Blue,
ENSG00000213619,MitoCarta,Blue,
ENSG00000135776,MitoCarta,Blue,
ENSG00000131730,MitoCarta,Blue,
ENSG00000131368,MitoCarta,Blue,
ENSG00000177646,MitoCarta,Blue,
ENSG00000133983,MitoCarta,Blue,
ENSG00000177150,MitoCarta,Blue,
ENSG00000112304,MitoCarta,Blue,
ENSG00000110090,MitoCarta,Blue,
ENSG00000157326,MitoCarta,Blue,
ENSG00000186314,MitoCarta,Blue,
ENSG00000134905,MitoCarta,Blue,
ENSG00000146729,MitoCarta,Blue,
ENSG00000099795,MitoCarta,Blue,
ENSG00000174917,MitoCarta,Blue,
ENSG00000023572,MitoCarta,Blue,
ENSG00000112996,MitoCarta,Blue,
ENSG00000284194,MitoCarta,Blue,
ENSG00000072506,MitoCarta,Blue,
ENSG00000137513,MitoCarta,Blue,
ENSG00000156990,MitoCarta,Blue,
ENSG00000139531,MitoCarta,Blue,
ENSG00000123453,MitoCarta,Blue,
ENSG00000132541,MitoCarta,Blue,
ENSG00000176340,MitoCarta,Blue,
ENSG00000116096,MitoCarta,Blue,
ENSG00000115204,MitoCarta,Blue,
ENSG00000180011,MitoCarta,Blue,
ENSG00000112110,MitoCarta,Blue,
ENSG00000137124,MitoCarta,Blue,
ENSG00000172586,MitoCarta,Blue,
ENSG00000126953,MitoCarta,Blue,
ENSG00000078668,MitoCarta,Blue,
ENSG00000085491,MitoCarta,Blue,
ENSG00000060762,MitoCarta,Blue,
ENSG00000177542,MitoCarta,Blue,
ENSG00000151475,MitoCarta,Blue,
ENSG00000182902,MitoCarta,Blue,
ENSG00000072756,MitoCarta,Blue,
ENSG00000119912,MitoCarta,Blue,
ENSG00000197448,MitoCarta,Blue,
ENSG00000137411,MitoCarta,Blue,
ENSG00000115541,MitoCarta,Blue,
ENSG00000183617,MitoCarta,Blue,
ENSG00000204316,MitoCarta,Blue,
ENSG00000167862,MitoCarta,Blue,
ENSG00000137409,MitoCarta,Blue,
ENSG00000170855,MitoCarta,Blue,
ENSG00000132300,MitoCarta,Blue,
ENSG00000006695,MitoCarta,Blue,
ENSG00000121057,MitoCarta,Blue,
ENSG00000171861,MitoCarta,Blue,
ENSG00000004455,MitoCarta,Blue,
ENSG00000175606,MitoCarta,Blue,
ENSG00000084092,MitoCarta,Blue,
ENSG00000050393,MitoCarta,Blue,
ENSG00000111843,MitoCarta,Blue,
ENSG00000109390,MitoCarta,Blue,
ENSG00000132313,MitoCarta,Blue,
ENSG00000170906,MitoCarta,Blue,
ENSG00000148459,MitoCarta,Blue,
ENSG00000122912,MitoCarta,Blue,
ENSG00000164898,MitoCarta,Blue,
ENSG00000005187,MitoCarta,Blue,
ENSG00000156170,MitoCarta,Blue,
ENSG00000109424,MitoCarta,Blue,
ENSG00000164466,MitoCarta,Blue,
ENSG00000182512,MitoCarta,Blue,
ENSG00000187024,MitoCarta,Blue,
ENSG00000181991,MitoCarta,Blue,
ENSG00000196236,MitoCarta,Blue,
ENSG00000164951,MitoCarta,Blue,
ENSG00000167969,MitoCarta,Blue,
ENSG00000183032,MitoCarta,Blue,
ENSG00000197119,MitoCarta,Blue,
ENSG00000162241,MitoCarta,Blue,
ENSG00000196636,MitoCarta,Blue,
ENSG00000101166,MitoCarta,Blue,
ENSG00000013306,MitoCarta,Blue,
ENSG00000119013,MitoCarta,Blue,
ENSG00000076043,MitoCarta,Blue,
ENSG00000171766,MitoCarta,Blue,
ENSG00000132286,MitoCarta,Blue,
ENSG00000104835,MitoCarta,Blue,
ENSG00000016391,MitoCarta,Blue,
ENSG00000173141,MitoCarta,Blue,
ENSG00000213563,MitoCarta,Blue,
ENSG00000103356,MitoCarta,Blue,
ENSG00000137106,MitoCarta,Blue,
ENSG00000103707,MitoCarta,Blue,
ENSG00000049883,MitoCarta,Blue,
ENSG00000093144,MitoCarta,Blue,
ENSG00000112855,MitoCarta,Blue,
ENSG00000189043,MitoCarta,Blue,
ENSG00000186010,MitoCarta,Blue,
ENSG00000163382,MitoCarta,Blue,
ENSG00000178307,MitoCarta,Blue,
ENSG00000073169,MitoCarta,Blue,
ENSG00000161653,MitoCarta,Blue,
ENSG00000133835,MitoCarta,Blue,
ENSG00000003509,MitoCarta,Blue,
ENSG00000065154,MitoCarta,Blue,
ENSG00000136897,MitoCarta,Blue,
ENSG00000131174,MitoCarta,Blue,
ENSG00000146282,MitoCarta,Blue,
ENSG00000204237,MitoCarta,Blue,
ENSG00000147592,MitoCarta,Blue,
ENSG00000174886,MitoCarta,Blue,
ENSG00000175756,MitoCarta,Blue,
ENSG00000170791,MitoCarta,Blue,
ENSG00000182199,MitoCarta,Blue,
ENSG00000065911,MitoCarta,Blue,
ENSG00000176623,MitoCarta,Blue,
ENSG00000021826,MitoCarta,Blue,
ENSG00000180992,MitoCarta,Blue,
ENSG00000130349,MitoCarta,Blue,
ENSG00000160439,MitoCarta,Blue,
ENSG00000188917,MitoCarta,Blue,
ENSG00000062582,MitoCarta,Blue,
ENSG00000183978,MitoCarta,Blue,
ENSG00000104687,MitoCarta,Blue,
ENSG00000167136,MitoCarta,Blue,
ENSG00000105552,MitoCarta,Blue,
ENSG00000172171,MitoCarta,Blue,
ENSG00000167107,MitoCarta,Blue,
ENSG00000100416,MitoCarta,Blue,
ENSG00000175110,MitoCarta,Blue,
ENSG00000002549,MitoCarta,Blue,
ENSG00000148672,MitoCarta,Blue,
ENSG00000117305,MitoCarta,Blue,
ENSG00000189283,MitoCarta,Blue,
ENSG00000090263,MitoCarta,Blue,
ENSG00000151413,MitoCarta,Blue,
ENSG00000083099,MitoCarta,Blue,
ENSG00000156968,MitoCarta,Blue,
ENSG00000179271,MitoCarta,Blue,
ENSG00000108064,MitoCarta,Blue,
ENSG00000059573,MitoCarta,Blue,
ENSG00000151093,MitoCarta,Blue,
ENSG00000137944,MitoCarta,Blue,
ENSG00000143374,MitoCarta,Blue,
ENSG00000136270,MitoCarta,Blue,
ENSG00000164983,MitoCarta,Blue,
ENSG00000125995,MitoCarta,Blue,
ENSG00000126432,MitoCarta,Blue,
ENSG00000120675,MitoCarta,Blue,
ENSG00000162972,MitoCarta,Blue,
ENSG00000181061,MitoCarta,Blue,
ENSG00000174109,MitoCarta,Blue,
ENSG00000140983,MitoCarta,Blue,
ENSG00000160785,MitoCarta,Blue,
ENSG00000116882,MitoCarta,Blue,
ENSG00000155463,MitoCarta,Blue,
ENSG00000164209,MitoCarta,Blue,
ENSG00000240857,MitoCarta,Blue,
ENSG00000156411,MitoCarta,Blue,
ENSG00000169239,MitoCarta,Blue,
ENSG00000068120,MitoCarta,Blue,
ENSG00000274768,MitoCarta,Blue,
ENSG00000100577,MitoCarta,Blue,
ENSG00000160471,MitoCarta,Blue,
ENSG00000167699,MitoCarta,Blue,
ENSG00000060971,MitoCarta,Blue,
ENSG00000005469,MitoCarta,Blue,
ENSG00000258429,MitoCarta,Blue,
ENSG00000240230,MitoCarta,Blue,
ENSG00000145020,MitoCarta,Blue,
ENSG00000090857,MitoCarta,Blue,
ENSG00000123213,MitoCarta,Blue,
ENSG00000178096,MitoCarta,Blue,
ENSG00000158578,MitoCarta,Blue,
ENSG00000164284,MitoCarta,Blue,
ENSG00000164904,MitoCarta,Blue,
ENSG00000069998,MitoCarta,Blue,
ENSG00000127554,MitoCarta,Blue,
ENSG00000184903,MitoCarta,Blue,
ENSG00000131055,MitoCarta,Blue,
ENSG00000154719,MitoCarta,Blue,
ENSG00000109576,MitoCarta,Blue,
ENSG00000165775,MitoCarta,Blue,
ENSG00000120992,MitoCarta,Blue,
ENSG00000163114,MitoCarta,Blue,
ENSG00000112031,MitoCarta,Blue,
ENSG00000130299,MitoCarta,Blue,
ENSG00000163738,MitoCarta,Blue,
ENSG00000136758,MitoCarta,Blue,
ENSG00000119673,MitoCarta,Blue,
ENSG00000256053,MitoCarta,Blue,
ENSG00000139428,MitoCarta,Blue,
ENSG00000143224,MitoCarta,Blue,
ENSG00000117528,MitoCarta,Blue,
ENSG00000142082,MitoCarta,Blue,
ENSG00000166816,MitoCarta,Blue,
ENSG00000277936,MitoCarta,Blue,
ENSG00000130921,MitoCarta,Blue,
ENSG00000148950,MitoCarta,Blue,
ENSG00000123472,MitoCarta,Blue,
ENSG00000135441,MitoCarta,Blue,
ENSG00000136010,MitoCarta,Blue,
ENSG00000163626,MitoCarta,Blue,
ENSG00000080819,MitoCarta,Blue,
ENSG00000112992,MitoCarta,Blue,
ENSG00000224877,MitoCarta,Blue,
ENSG00000166896,MitoCarta,Blue,
ENSG00000172992,MitoCarta,Blue,
ENSG00000241468,MitoCarta,Blue,
ENSG00000107819,MitoCarta,Blue,
ENSG00000008311,MitoCarta,Blue,
ENSG00000184047,MitoCarta,Blue,
ENSG00000187581,MitoCarta,Blue,
ENSG00000176894,MitoCarta,Blue,
ENSG00000113492,MitoCarta,Blue,
ENSG00000135423,MitoCarta,Blue,
ENSG00000184831,MitoCarta,Blue,
ENSG00000240303,MitoCarta,Blue,
ENSG00000164241,MitoCarta,Blue,
ENSG00000241935,MitoCarta,Blue,
ENSG00000182768,MitoCarta,Blue,
ENSG00000179152,MitoCarta,Blue,
ENSG00000140905,MitoCarta,Blue,
ENSG00000124523,MitoCarta,Blue,
ENSG00000166123,MitoCarta,Blue,
ENSG00000214736,MitoCarta,Blue,
ENSG00000114023,MitoCarta,Blue,
ENSG00000115657,MitoCarta,Blue,
ENSG00000133315,MitoCarta,Blue,
ENSG00000128311,MitoCarta,Blue,
ENSG00000198804,MitoCarta,Blue,
ENSG00000117640,MitoCarta,Blue,
ENSG00000100445,MitoCarta,Blue,
ENSG00000132837,MitoCarta,Blue,
ENSG00000102078,MitoCarta,Blue,
ENSG00000141391,MitoCarta,Blue,
ENSG00000125611,MitoCarta,Blue,
ENSG00000154174,MitoCarta,Blue,
ENSG00000158793,MitoCarta,Blue,
ENSG00000180185,MitoCarta,Blue,
ENSG00000156026,MitoCarta,Blue,
ENSG00000135929,MitoCarta,Blue,
ENSG00000198763,MitoCarta,Blue,
ENSG00000198886,MitoCarta,Blue,
ENSG00000198786,MitoCarta,Blue,
ENSG00000081791,MitoCarta,Blue,
ENSG00000138399,MitoCarta,Blue,
ENSG00000102738,MitoCarta,Blue,
ENSG00000144908,MitoCarta,Blue,
ENSG00000106246,MitoCarta,Blue,
ENSG00000138029,MitoCarta,Blue,
ENSG00000043514,MitoCarta,Blue,
ENSG00000088766,MitoCarta,Blue,
ENSG00000168237,MitoCarta,Blue,
ENSG00000164933,MitoCarta,Blue,
ENSG00000124608,MitoCarta,Blue,
ENSG00000157036,MitoCarta,Blue,
ENSG00000106153,MitoCarta,Blue,
ENSG00000117009,MitoCarta,Blue,
ENSG00000144040,MitoCarta,Blue,
ENSG00000006744,MitoCarta,Blue,
ENSG00000233276,MitoCarta,Blue,
ENSG00000205560,MitoCarta,Blue,
ENSG00000214253,MitoCarta,Blue,
ENSG00000169230,MitoCarta,Blue,
ENSG00000175564,MitoCarta,Blue,
ENSG00000153291,MitoCarta,Blue,
ENSG00000075303,MitoCarta,Blue,
ENSG00000125648,MitoCarta,Blue,
ENSG00000114735,MitoCarta,Blue,
ENSG00000114120,MitoCarta,Blue,
ENSG00000162600,MitoCarta,Blue,
ENSG00000165046,MitoCarta,Blue,
ENSG00000157379,MitoCarta,Blue,
ENSG00000148175,MitoCarta,Blue,
ENSG00000138382,MitoCarta,Blue,
ENSG00000175806,MitoCarta,Blue,
ENSG00000167799,MitoCarta,Blue,
ENSG00000163864,MitoCarta,Blue,
ENSG00000144659,MitoCarta,Blue,
ENSG00000254858,MitoCarta,Blue,
ENSG00000131473,MitoCarta,Blue,
ENSG00000173208,MitoCarta,Blue,
ENSG00000160688,MitoCarta,Blue,
ENSG00000144182,MitoCarta,Blue,
ENSG00000133943,MitoCarta,Blue,
ENSG00000100889,MitoCarta,Blue,
ENSG00000152620,MitoCarta,Blue,
ENSG00000128309,MitoCarta,Blue,
ENSG00000166321,MitoCarta,Blue,
ENSG00000275176,MitoCarta,Blue,
ENSG00000183044,MitoCarta,Blue,
ENSG00000134240,MitoCarta,Blue,
ENSG00000112294,MitoCarta,Blue,
ENSG00000223572,MitoCarta,Blue,
ENSG00000241878,MitoCarta,Blue,
ENSG00000065518,MitoCarta,Blue,
ENSG00000127540,MitoCarta,Blue,
ENSG00000035141,MitoCarta,Blue,
ENSG00000175768,MitoCarta,Blue,
ENSG00000125356,MitoCarta,Blue,
ENSG00000198727,MitoCarta,Blue,
ENSG00000143774,MitoCarta,Blue,
ENSG00000180902,MitoCarta,Blue,
ENSG00000125741,MitoCarta,Blue,
ENSG00000198074,MitoCarta,Blue,
ENSG00000107537,MitoCarta,Blue,
ENSG00000164182,MitoCarta,Blue,
ENSG00000130159,MitoCarta,Blue,
ENSG00000175193,MitoCarta,Blue,
ENSG00000198015,MitoCarta,Blue,
ENSG00000110011,MitoCarta,Blue,
ENSG00000217930,MitoCarta,Blue,
ENSG00000072210,MitoCarta,Blue,
ENSG00000164398,MitoCarta,Blue,
ENSG00000124532,MitoCarta,Blue,
ENSG00000144827,MitoCarta,Blue,
ENSG00000111911,MitoCarta,Blue,
ENSG00000101417,MitoCarta,Blue,
ENSG00000128694,MitoCarta,Blue,
ENSG00000164978,MitoCarta,Blue,
ENSG00000103018,MitoCarta,Blue,
ENSG00000132463,MitoCarta,Blue,
ENSG00000203624,MitoCarta,Blue,
ENSG00000176410,MitoCarta,Blue,
ENSG00000121691,MitoCarta,Blue,
ENSG00000114956,MitoCarta,Blue,
ENSG00000123130,MitoCarta,Blue,
ENSG00000154930,MitoCarta,Blue,
ENSG00000135002,MitoCarta,Blue,
ENSG00000084090,MitoCarta,Blue,
ENSG00000111666,MitoCarta,Blue,
ENSG00000228253,MitoCarta,Blue,
ENSG00000113845,MitoCarta,Blue,
ENSG00000166118,MitoCarta,Blue,
ENSG00000109854,MitoCarta,Blue,
ENSG00000053371,MitoCarta,Blue,
ENSG00000128951,MitoCarta,Blue,
ENSG00000198938,MitoCarta,Blue,
ENSG00000109016,MitoCarta,Blue,
ENSG00000120662,MitoCarta,Blue,
ENSG00000161558,MitoCarta,Blue,
ENSG00000205309,MitoCarta,Blue,
ENSG00000126858,MitoCarta,Blue,
ENSG00000103202,MitoCarta,Blue,
ENSG00000136371,MitoCarta,Blue,
ENSG00000142444,MitoCarta,Blue,
ENSG00000108439,MitoCarta,Blue,
ENSG00000165487,MitoCarta,Blue,
ENSG00000132570,MitoCarta,Blue,
ENSG00000130348,MitoCarta,Blue,
ENSG00000063761,MitoCarta,Blue,
ENSG00000117592,MitoCarta,Blue,
ENSG00000184117,MitoCarta,Blue,
ENSG00000106105,MitoCarta,Blue,
ENSG00000183747,MitoCarta,Blue,
ENSG00000171612,MitoCarta,Blue,
ENSG00000232859,MitoCarta,Blue,
ENSG00000169228,MitoCarta,Blue,
ENSG00000162396,MitoCarta,Blue,
ENSG00000172590,MitoCarta,Blue,
ENSG00000177192,MitoCarta,Blue,
ENSG00000125166,MitoCarta,Blue,
ENSG00000213995,MitoCarta,Blue,
ENSG00000198840,MitoCarta,Blue,
ENSG00000110455,MitoCarta,Blue,
ENSG00000141378,MitoCarta,Blue,
ENSG00000087157,MitoCarta,Blue,
ENSG00000164830,MitoCarta,Blue,
ENSG00000143353,MitoCarta,Blue,
ENSG00000177692,MitoCarta,Blue,
ENSG00000136877,MitoCarta,Blue,
ENSG00000105518,MitoCarta,Blue,
ENSG00000269743,MitoCarta,Blue,
ENSG00000183773,MitoCarta,Blue,
ENSG00000008394,MitoCarta,Blue,
ENSG00000242114,MitoCarta,Blue,
ENSG00000181924,MitoCarta,Blue,
ENSG00000196290,MitoCarta,Blue,
ENSG00000169972,MitoCarta,Blue,
ENSG00000139410,MitoCarta,Blue,
ENSG00000087088,MitoCarta,Blue,
ENSG00000088888,MitoCarta,Blue,
ENSG00000165792,MitoCarta,Blue,
ENSG00000076555,MitoCarta,Blue,
ENSG00000081181,MitoCarta,Blue,
ENSG00000107951,MitoCarta,Blue,
ENSG00000164051,MitoCarta,Blue,
ENSG00000175600,MitoCarta,Blue,
ENSG00000087470,MitoCarta,Blue,
ENSG00000078618,MitoCarta,Blue,
ENSG00000171204,MitoCarta,Blue,
ENSG00000117481,MitoCarta,Blue,
ENSG00000111058,MitoCarta,Blue,
ENSG00000124098,MitoCarta,Blue,
ENSG00000101546,MitoCarta,Blue,
ENSG00000172878,MitoCarta,Blue,
ENSG00000168710,MitoCarta,Blue,
ENSG00000136783,MitoCarta,Blue,
ENSG00000186205,MitoCarta,Blue,
ENSG00000069509,MitoCarta,Blue,
ENSG00000151726,MitoCarta,Blue,
ENSG00000203667,MitoCarta,Blue,
ENSG00000103160,MitoCarta,Blue,
ENSG00000159231,MitoCarta,Blue,
ENSG00000122085,MitoCarta,Blue,
ENSG00000213965,MitoCarta,Blue,
ENSG00000013583,MitoCarta,Blue,
ENSG00000110536,MitoCarta,Blue,
ENSG00000247077,MitoCarta,Blue,
ENSG00000168393,MitoCarta,Blue,
ENSG00000065427,MitoCarta,Blue,
ENSG00000147465,MitoCarta,Blue,
ENSG00000205981,MitoCarta,Blue,
ENSG00000036473,MitoCarta,Blue,
ENSG00000115944,MitoCarta,Blue,
ENSG00000156469,MitoCarta,Blue,
ENSG00000156398,MitoCarta,Blue,
ENSG00000169710,MitoCarta,Blue,
ENSG00000144120,MitoCarta,Blue,
ENSG00000198431,MitoCarta,Blue,
ENSG00000185875,MitoCarta,Blue,
ENSG00000160752,MitoCarta,Blue,
ENSG00000067064,MitoCarta,Blue,
ENSG00000177302,MitoCarta,Blue,
ENSG00000181867,MitoCarta,Blue,
ENSG00000171989,MitoCarta,Blue,
ENSG00000066855,MitoCarta,Blue,
ENSG00000099968,MitoCarta,Blue,
ENSG00000174173,MitoCarta,Blue,
ENSG00000097021,MitoCarta,Blue,
ENSG00000029639,MitoCarta,Blue,
ENSG00000004059,MitoCarta,Blue,
ENSG00000005059,MitoCarta,Blue,
ENSG00000107815,MitoCarta,Blue,
ENSG00000168288,MitoCarta,Blue,
ENSG00000143811,MitoCarta,Blue,
ENSG00000215845,MitoCarta,Blue,
ENSG00000102897,MitoCarta,Blue,
ENSG00000141447,MitoCarta,Blue,
ENSG00000160957,MitoCarta,Blue,
ENSG00000229833,MitoCarta,Blue,
ENSG00000104381,MitoCarta,Blue,
ENSG00000122033,MitoCarta,Blue,
ENSG00000076248,MitoCarta,Blue,
ENSG00000149124,MitoCarta,Blue,
ENSG00000063241,MitoCarta,Blue,
ENSG00000159199,MitoCarta,Blue,
ENSG00000151552,MitoCarta,Blue,
ENSG00000123815,MitoCarta,Blue,
ENSG00000105793,MitoCarta,Blue,
ENSG00000100300,MitoCarta,Blue,
ENSG00000167996,MitoCarta,Blue,
ENSG00000104907,MitoCarta,Blue,
ENSG00000133597,MitoCarta,Blue,
ENSG00000279170,MitoCarta,Blue,
ENSG00000134056,MitoCarta,Blue,
ENSG00000172840,MitoCarta,Blue,
ENSG00000155189,MitoCarta,Blue,
ENSG00000172366,MitoCarta,Blue,
ENSG00000175567,MitoCarta,Blue,
ENSG00000147454,MitoCarta,Blue,
ENSG00000155287,MitoCarta,Blue,
ENSG00000145832,MitoCarta,Blue,
ENSG00000077713,MitoCarta,Blue,
ENSG00000140107,MitoCarta,Blue,
ENSG00000181240,MitoCarta,Blue,
ENSG00000162461,MitoCarta,Blue,
ENSG00000120915,MitoCarta,Blue,
ENSG00000165609,MitoCarta,Blue,
ENSG00000107745,MitoCarta,Blue,
ENSG00000142168,MitoCarta,Blue,
ENSG00000183569,MitoCarta,Blue,
ENSG00000178057,MitoCarta,Blue,
ENSG00000163170,MitoCarta,Blue,
ENSG00000145247,MitoCarta,Blue,
ENSG00000136444,MitoCarta,Blue,
ENSG00000159685,MitoCarta,Blue,
ENSG00000118246,MitoCarta,Blue,
ENSG00000131779,MitoCarta,Blue,
ENSG00000184857,MitoCarta,Blue,
ENSG00000140451,MitoCarta,Blue,
ENSG00000163586,MitoCarta,Blue,
ENSG00000101986,MitoCarta,Blue,
ENSG00000147471,MitoCarta,Blue,
ENSG00000155368,MitoCarta,Blue,
ENSG00000138035,MitoCarta,Blue,
ENSG00000184428,MitoCarta,Blue,
ENSG00000171865,MitoCarta,Blue,
ENSG00000154258,MitoCarta,Blue,
ENSG00000116171,MitoCarta,Blue,
ENSG00000111696,MitoCarta,Blue,
ENSG00000182712,MitoCarta,Blue,
ENSG00000111716,MitoCarta,Blue,
ENSG00000182362,MitoCarta,Blue,
ENSG00000169567,MitoCarta,Blue,
ENSG00000090432,MitoCarta,Blue,
ENSG00000166548,MitoCarta,Blue,
ENSG00000116771,MitoCarta,Blue,
ENSG00000134326,MitoCarta,Blue,
ENSG00000015475,MitoCarta,Blue,
ENSG00000213465,MitoCarta,Blue,
ENSG00000213463,MitoCarta,Blue,
ENSG00000168958,MitoCarta,Blue,
ENSG00000169738,MitoCarta,Blue,
ENSG00000170502,MitoCarta,Blue,
ENSG00000242110,MitoCarta,Blue,
ENSG00000048707,MitoCarta,Blue,
ENSG00000170917,MitoCarta,Blue,
ENSG00000105341,MitoCarta,Blue,
ENSG00000122687,MitoCarta,Blue,
ENSG00000030110,MitoCarta,Blue,
ENSG00000102967,MitoCarta,Blue,
ENSG00000069535,MitoCarta,Blue,
ENSG00000143198,MitoCarta,Blue,
ENSG00000162836,MitoCarta,Blue,
ENSG00000175581,MitoCarta,Blue,
ENSG00000172482,MitoCarta,Blue,
ENSG00000100243,MitoCarta,Blue,
ENSG00000182810,MitoCarta,Blue,
ENSG00000127838,MitoCarta,Blue,
ENSG00000155970,MitoCarta,Blue,
ENSG00000176171,MitoCarta,Blue,
ENSG00000177034,MitoCarta,Blue,
ENSG00000132781,MitoCarta,Blue,
ENSG00000178605,MitoCarta,Blue,
ENSG00000140459,MitoCarta,Blue,
ENSG00000109180,MitoCarta,Blue,
ENSG00000123600,MitoCarta,Blue,
ENSG00000250317,MitoCarta,Blue,
ENSG00000165526,MitoCarta,Blue,
ENSG00000111850,MitoCarta,Blue,
ENSG00000172113,MitoCarta,Blue,
ENSG00000105701,MitoCarta,Blue,
ENSG00000215009,MitoCarta,Blue,
ENSG00000160703,MitoCarta,Blue,
ENSG00000110074,MitoCarta,Blue,
ENSG00000162851,MitoCarta,Blue,
ENSG00000163644,MitoCarta,Blue,
ENSG00000135390,MitoCarta,Blue,
ENSG00000198888,MitoCarta,Blue,
ENSG00000102125,MitoCarta,Blue,
ENSG00000174099,MitoCarta,Blue,
ENSG00000162390,MitoCarta,Blue,
ENSG00000165028,MitoCarta,Blue,
ENSG00000065057,MitoCarta,Blue,
ENSG00000198060,MitoCarta,Blue,
ENSG00000183605,MitoCarta,Blue,
ENSG00000126814,MitoCarta,Blue,
ENSG00000169100,MitoCarta,Blue,
ENSG00000141437,MitoCarta,Blue,
ENSG00000114026,MitoCarta,Blue,
ENSG00000102794,MitoCarta,Blue,
ENSG00000213339,MitoCarta,Blue,
ENSG00000042286,MitoCarta,Blue,
ENSG00000167815,MitoCarta,Blue,
ENSG00000112234,MitoCarta,Blue,
ENSG00000119927,MitoCarta,Blue,
ENSG00000125375,MitoCarta,Blue,
ENSG00000137824,MitoCarta,Blue,
ENSG00000122378,MitoCarta,Blue,
ENSG00000173915,MitoCarta,Blue,
ENSG00000232838,MitoCarta,Blue,
ENSG00000189221,MitoCarta,Blue,
ENSG00000189227,MitoCarta,Blue,
ENSG00000051341,MitoCarta,Blue,
ENSG00000197580,MitoCarta,Blue,
ENSG00000165949,MitoCarta,Blue,
ENSG00000116791,MitoCarta,Blue,
ENSG00000183010,MitoCarta,Blue,
ENSG00000185973,MitoCarta,Blue,
ENSG00000173726,MitoCarta,Blue,
ENSG00000196449,MitoCarta,Blue,
ENSG00000162377,MitoCarta,Blue,
ENSG00000100867,MitoCarta,Blue,
ENSG00000151611,MitoCarta,Blue,
ENSG00000100335,MitoCarta,Blue,
ENSG00000166920,MitoCarta,Blue,
ENSG00000005156,MitoCarta,Blue,
ENSG00000104765,MitoCarta,Blue,
ENSG00000215251,MitoCarta,Blue,
ENSG00000106603,MitoCarta,Blue,
ENSG00000170516,MitoCarta,Blue,
ENSG00000212907,MitoCarta,Blue,
ENSG00000089163,MitoCarta,Blue,
ENSG00000137288,MitoCarta,Blue,
ENSG00000135093,MitoCarta,Blue,
ENSG00000174840,MitoCarta,Blue,
ENSG00000103024,MitoCarta,Blue,
ENSG00000132153,MitoCarta,Blue,
ENSG00000164896,MitoCarta,Blue,
ENSG00000169519,MitoCarta,Blue,
ENSG00000019186,MitoCarta,Blue,
ENSG00000151014,MitoCarta,Blue,
ENSG00000125779,MitoCarta,Blue,
ENSG00000174990,MitoCarta,Blue,
ENSG00000168268,MitoCarta,Blue,
ENSG00000160072,MitoCarta,Blue,
ENSG00000167112,MitoCarta,Blue,
ENSG00000072062,MitoCarta,Blue,
ENSG00000165644,MitoCarta,Blue,
ENSG00000169169,MitoCarta,Blue,
ENSG00000174928,MitoCarta,Blue,
ENSG00000148343,MitoCarta,Blue,
ENSG00000197157,MitoCarta,Blue,
ENSG00000182890,MitoCarta,Blue,
ENSG00000186603,MitoCarta,Blue,
ENSG00000174606,MitoCarta,Blue,
ENSG00000103254,MitoCarta,Blue,
ENSG00000204922,MitoCarta,Blue,
ENSG00000123131,MitoCarta,Blue,
ENSG00000101391,MitoCarta,Blue,
ENSG00000128050,MitoCarta,Blue,
ENSG00000137463,MitoCarta,Blue,
ENSG00000119431,MitoCarta,Blue,
ENSG00000179142,MitoCarta,Blue,
ENSG00000026652,MitoCarta,Blue,
ENSG00000274523,MitoCarta,Blue,
ENSG00000222011,MitoCarta,Blue,
ENSG00000141682,MitoCarta,Blue,
ENSG00000182134,MitoCarta,Blue,
ENSG00000089060,MitoCarta,Blue,
ENSG00000111012,MitoCarta,Blue,
ENSG00000256525,MitoCarta,Blue,
ENSG00000196407,MitoCarta,Blue,
ENSG00000100290,MitoCarta,Blue,
ENSG00000127989,MitoCarta,Blue,
ENSG00000146410,MitoCarta,Blue,
ENSG00000167468,MitoCarta,Blue,
ENSG00000196860,MitoCarta,Blue,
ENSG00000093010,MitoCarta,Blue,
ENSG00000139637,MitoCarta,Blue,
ENSG00000006282,MitoCarta,Blue,
ENSG00000198754,MitoCarta,Blue,
ENSG00000164366,MitoCarta,Blue,
ENSG00000008405,MitoCarta,Blue,
ENSG00000066813,MitoCarta,Blue,
ENSG00000278259,MitoCarta,Blue,
ENSG00000125871,MitoCarta,Blue,
ENSG00000108387,MitoCarta,Blue,
ENSG00000115468,MitoCarta,Blue,
ENSG00000101084,MitoCarta,Blue,
ENSG00000100823,MitoCarta,Blue,
ENSG00000100596,MitoCarta,Blue,
ENSG00000137038,MitoCarta,Blue,
ENSG00000150756,MitoCarta,Blue,
ENSG00000204099,MitoCarta,Blue,
ENSG00000132906,MitoCarta,Blue,
ENSG00000006530,MitoCarta,Blue,
ENSG00000143384,MitoCarta,Blue,
ENSG00000167264,MitoCarta,Blue,
ENSG00000179598,MitoCarta,Blue,
ENSG00000025772,MitoCarta,Blue,
ENSG00000100890,MitoCarta,Blue,
ENSG00000187838,MitoCarta,Blue,
ENSG00000237289,MitoCarta,Blue,
ENSG00000183648,MitoCarta,Blue,
ENSG00000248919,MitoCarta,Blue,
ENSG00000064012,MitoCarta,Blue,
ENSG00000171552,MitoCarta,Blue,
ENSG00000081177,MitoCarta,Blue,
ENSG00000170632,MitoCarta,Blue,
ENSG00000177427,MitoCarta,Blue,
ENSG00000113272,MitoCarta,Blue,
ENSG00000113384,MitoCarta,Blue,
ENSG00000138078,MitoCarta,Blue,
ENSG00000124279,MitoCarta,Blue,
ENSG00000121289,MitoCarta,Blue,
ENSG00000186281,MitoCarta,Blue,
ENSG00000188554,MitoCarta,Blue,
ENSG00000176720,MitoCarta,Blue,
ENSG00000141756,MitoCarta,Blue,
ENSG00000155542,MitoCarta,Blue,
ENSG00000160882,MitoCarta,Blue,
ENSG00000214756,MitoCarta,Blue,
ENSG00000180488,MitoCarta,Blue,
ENSG00000153574,MitoCarta,Blue,
ENSG00000105327,MitoCarta,Blue,
ENSG00000002330,MitoCarta,Blue,
ENSG00000171791,MitoCarta,Blue,
ENSG00000140379,MitoCarta,Blue,
ENSG00000129473,MitoCarta,Blue,
ENSG00000164305,MitoCarta,Blue,
ENSG00000104936,MitoCarta,Blue,
ENSG00000138346,MitoCarta,Blue,
ENSG00000198695,MitoCarta,Blue,
ENSG00000100601,MitoCarta,Blue,
ENSG00000100151,MitoCarta,Blue,
ENSG00000137875,MitoCarta,Blue,
ENSG00000108599,MitoCarta,Blue,
ENSG00000127952,MitoCarta,Blue,
ENSG00000037474,MitoCarta,Blue,
ENSG00000143199,MitoCarta,Blue,
ENSG00000063176,MitoCarta,Blue,
ENSG00000178694,MitoCarta,Blue,
ENSG00000174740,MitoCarta,Blue,
ENSG00000146250,MitoCarta,Blue,
ENSG00000164306,MitoCarta,Blue,
ENSG00000122335,MitoCarta,Blue,
ENSG00000136874,MitoCarta,Blue,
ENSG00000171103,MitoCarta,Blue,
ENSG00000186642,MitoCarta,Blue,
ENSG00000107020,MitoCarta,Blue,
ENSG00000139160,MitoCarta,Blue,
ENSG00000215012,MitoCarta,Blue,
ENSG00000153094,MitoCarta,Blue,
ENSG00000134278,MitoCarta,Blue,
ENSG00000178074,MitoCarta,Blue,
ENSG00000184867,MitoCarta,Blue,
ENSG00000126947,MitoCarta,Blue,
ENSG00000070501,MitoCarta,Blue,
ENSG00000099940,MitoCarta,Blue,
ENSG00000102401,MitoCarta,Blue,
ENSG00000198960,MitoCarta,Blue,
ENSG00000101574,MitoCarta,Blue,
ENSG00000153820,MitoCarta,Blue,
ENSG00000185818,MitoCarta,Blue,
ENSG00000204511,MitoCarta,Blue,
ENSG00000225973,MitoCarta,Blue,
ENSG00000255154,MitoCarta,Blue,
ENSG00000230623,MitoCarta,Blue,
ENSG00000078070,MitoCarta_GWAS,Red,Black
ENSG00000140521,MitoCarta_GWAS,Red,Black
ENSG00000011295,MitoCarta_GWAS,Red,Black
ENSG00000115317,MitoCarta_GWAS,Red,Black
ENSG00000158828,MitoCarta_GWAS,Red,Black
ENSG00000116288,MitoCarta_GWAS,Red,Black
ENSG00000185345,MitoCarta_GWAS,Red,Black
ENSG00000145335,PD_GWAS_Seed,Black,Black
ENSG00000188906,PD_GWAS_Seed,Black,Black
ENSG00000177628,PD_GWAS_Seed,Black,Black
ENSG00000129003,PD_GWAS_Seed,Black,Black
ENSG00000154277,PD_GWAS_Seed,Black,Black
ENSG00000159363,PD_GWAS_Seed,Black,Black
ENSG00000100225,PD_GWAS_Seed,Black,Black
ENSG00000204120,PD_GWAS_Seed,Black,Black
ENSG00000184381,PD_GWAS_Seed,Black,Black
ENSG00000114867,PD_GWAS_Seed,Black,Black
ENSG00000069329,PD_GWAS_Seed,Black,Black
ENSG00000116675,PD_GWAS_Seed,Black,Black
ENSG00000159082,PD_GWAS_Seed,Black,Black
ENSG00000138246,PD_GWAS_Seed,Black,Black
ENSG00000089063,PD_GWAS_Seed,Black,Black
ENSG00000197324,PD_GWAS_Seed,Black,Black
ENSG00000137642,PD_GWAS_Seed,Black,Black
ENSG00000136235,PD_GWAS_Seed,Black,Black
ENSG00000117280,PD_GWAS_Seed,Black,Black
ENSG00000178950,PD_GWAS_Seed,Black,Black
ENSG00000130787,PD_GWAS_Seed,Black,Black
ENSG00000152128,PD_GWAS_Seed,Black,Black
ENSG00000198648,PD_GWAS_Seed,Black,Black
ENSG00000099381,PD_GWAS_Seed,Black,Black
ENSG00000160766,PD_GWAS_Seed,Black,Black
ENSG00000143226,PD_GWAS_Seed,Black,Black
ENSG00000117533,PD_GWAS_Seed,Black,Black
ENSG00000069275,PD_GWAS_Seed,Black,Black
ENSG00000143772,PD_GWAS_Seed,Black,Black
ENSG00000115041,PD_GWAS_Seed,Black,Black
ENSG00000071054,PD_GWAS_Seed,Black,Black
ENSG00000182568,PD_GWAS_Seed,Black,Black
ENSG00000068745,PD_GWAS_Seed,Black,Black
ENSG00000114030,PD_GWAS_Seed,Black,Black
ENSG00000169251,PD_GWAS_Seed,Black,Black
ENSG00000127419,PD_GWAS_Seed,Black,Black
ENSG00000109743,PD_GWAS_Seed,Black,Black
ENSG00000163257,PD_GWAS_Seed,Black,Black
ENSG00000138760,PD_GWAS_Seed,Black,Black
ENSG00000189157,PD_GWAS_Seed,Black,Black
ENSG00000145349,PD_GWAS_Seed,Black,Black
ENSG00000137601,PD_GWAS_Seed,Black,Black
ENSG00000164181,PD_GWAS_Seed,Black,Black
ENSG00000145730,PD_GWAS_Seed,Black,Black
ENSG00000113621,PD_GWAS_Seed,Black,Black
ENSG00000172524,PD_GWAS_Seed,Black,Black
ENSG00000198502,PD_GWAS_Seed,Black,Black
ENSG00000179406,PD_GWAS_Seed,Black,Black
ENSG00000164733,PD_GWAS_Seed,Black,Black
ENSG00000147439,PD_GWAS_Seed,Black,Black
ENSG00000107295,PD_GWAS_Seed,Black,Black
ENSG00000010438,PD_GWAS_Seed,Black,Black
ENSG00000077943,PD_GWAS_Seed,Black,Black
ENSG00000107874,PD_GWAS_Seed,Black,Black
ENSG00000151929,PD_GWAS_Seed,Black,Black
ENSG00000107651,PD_GWAS_Seed,Black,Black
ENSG00000110315,PD_GWAS_Seed,Black,Black
ENSG00000080854,PD_GWAS_Seed,Black,Black
ENSG00000112787,PD_GWAS_Seed,Black,Black
ENSG00000102547,PD_GWAS_Seed,Black,Black
ENSG00000131979,PD_GWAS_Seed,Black,Black
ENSG00000198208,PD_GWAS_Seed,Black,Black
ENSG00000054983,PD_GWAS_Seed,Black,Black
ENSG00000103528,PD_GWAS_Seed,Black,Black
ENSG00000176953,PD_GWAS_Seed,Black,Black
ENSG00000167207,PD_GWAS_Seed,Black,Black
ENSG00000083799,PD_GWAS_Seed,Black,Black
ENSG00000170175,PD_GWAS_Seed,Black,Black
ENSG00000141699,PD_GWAS_Seed,Black,Black
ENSG00000108312,PD_GWAS_Seed,Black,Black
ENSG00000030582,PD_GWAS_Seed,Black,Black
ENSG00000108379,PD_GWAS_Seed,Black,Black
ENSG00000108510,PD_GWAS_Seed,Black,Black
ENSG00000187775,PD_GWAS_Seed,Black,Black
ENSG00000176624,PD_GWAS_Seed,Black,Black
ENSG00000157540,PD_GWAS_Seed,Black,Black
ENSG00000004468,PD_GWAS_Seed,Black,Black
ENSG00000136243,PD_GWAS_Seed,Black,Black
ENSG00000141027,PD_GWAS_Seed,Black,Black
ENSG00000143486,PD_GWAS_Seed,Black,Black
ENSG00000214941,PD_GWAS_Seed,Black,Black
ENSG00000230042,PD_GWAS_Seed,Black,Black
ENSG00000099377,PD_GWAS_Seed,Black,Black
ENSG00000170425,PD_GWAS_Seed,Black,Black
ENSG00000247775,PD_GWAS_Seed,Black,Black
ENSG00000122550,PD_GWAS_Seed,Black,Black
ENSG00000133065,PD_GWAS_Seed,Black,Black
ENSG00000137441,PD_GWAS_Seed,Black,Black
ENSG00000139697,PD_GWAS_Seed,Black,Black
ENSG00000163749,PD_GWAS_Seed,Black,Black
ENSG00000167397,PD_GWAS_Seed,Black,Black
ENSG00000099365,PD_GWAS_Seed,Black,Black
ENSG00000103496,PD_GWAS_Seed,Black,Black
ENSG00000130783,PD_GWAS_Seed,Black,Black
ENSG00000145214,PD_GWAS_Seed,Black,Black
ENSG00000167394,PD_GWAS_Seed,Black,Black
ENSG00000180209,PD_GWAS_Seed,Black,Black
ENSG00000263142,PD_GWAS_Seed,Black,Black
ENSG00000206394,PD_GWAS_Seed,Black,Black
ENSG00000104219,PD_GWAS_Seed,Black,Black
ENSG00000243368,PD_GWAS_Seed,Black,Black
ENSG00000110801,PD_GWAS_Seed,Black,Black
ENSG00000136068,PD_GWAS_Seed,Black,Black
ENSG00000163346,PD_GWAS_Seed,Black,Black
ENSG00000167395,PD_GWAS_Seed,Black,Black
ENSG00000152214,PD_GWAS_Seed,Black,Black
ENSG00000103549,PD_GWAS_Seed,Black,Black
ENSG00000158023,PD_GWAS_Seed,Black,Black
ENSG00000198825,PD_GWAS_Seed,Black,Black
ENSG00000137449,PD_GWAS_Seed,Black,Black
ENSG00000138722,PD_GWAS_Seed,Black,Black
ENSG00000184209,PD_GWAS_Seed,Black,Black
ENSG00000214425,PD_GWAS_Seed,Black,Black
ENSG00000204264,PD_GWAS_Seed,Black,Black